id,name,birthdate,gender
1,Tabbi Sandes,4/12/2004,Female
2,Spense Tille,9/27/2008,Male
3,Maurise Peele,11/16/2009,Male
4,Alleen Bealton,9/26/1988,Female
5,Manolo Magnay,3/6/1987,Male
6,Kennith Corbert,10/2/1987,Male
7,Marilyn Moubray,1/22/1993,Female
8,Lynn Slane,3/11/2010,Male
9,Willi McLaggan,11/13/1984,Female
10,Dianna Shipperbottom,4/13/2006,Female
11,Galen Mundie,2/1/1993,Male
12,Chantalle Hillett,11/4/2005,Female
13,Anthea Ingreda,8/12/1989,Female
14,Tasia Mathiasen,6/22/2003,Female
15,Mercie Crown,1/28/1994,Female
16,Lonna Daish,2/23/1981,Female
17,Pincus Maith,11/24/1999,Male
18,Norman Mouncey,7/3/2005,Male
19,Georgine Avieson,3/17/1991,Female
20,Gianina Skae,12/3/1992,Female
21,Fidela Strathe,3/18/1983,Female
22,Cynde Cotty,12/14/1990,Female
23,Kayla Sibbit,12/15/1992,Female
24,Angelia Shrieve,5/10/1999,Female
25,Tamera Ick,2/2/1986,Female
26,Wren Illston,1/8/2001,Female
27,Lynnette Fouracre,6/22/1994,Female
28,Ninetta Bootland,1/16/1999,Female
29,Elbertina Skelcher,5/26/2001,Female
30,Nadeen Chadwyck,6/23/1991,Female
31,Jaquenetta Champion,9/28/1994,Female
32,Hermy Corbett,5/17/1987,Male
33,Dorothy Dockwra,8/12/2001,Female
34,Beverie Wavell,3/30/1991,Female
35,Tann Nendick,7/20/1991,Male
36,Danell Belhomme,10/15/1998,Female
37,Roth Blowfelde,11/17/2003,Male
38,Wally Dunkinson,5/29/1990,Male
39,Corney Maher,11/11/1996,Male
40,Duff Pinchbeck,6/14/1983,Male
41,Felizio Girdler,2/17/2010,Male
42,Gabby Wolfenden,4/18/2006,Male
43,Tamra Ferrino,5/21/1994,Female
44,Ardath Crockett,12/16/1988,Female
45,Marv Dowber,8/26/2004,Male
46,Malinda Kempston,1/25/1985,Female
47,Ellie Skalls,7/8/2008,Female
48,Karoly Valentin,1/23/1992,Male
49,Leroi Biggen,5/21/1986,Male
50,Jean Allen,6/26/1992,Male
51,Kellina Plumptre,11/17/2001,Female
52,Bridgette Collishaw,10/24/2002,Female
53,Everett Rigmond,11/14/2004,Male
54,Teddie Curnokk,11/6/1990,Female
55,Benny Houchen,9/24/1990,Female
56,Care Primo,8/3/2007,Male
57,Tracy Spurden,5/16/2000,Female
58,Terri-jo Couser,12/27/2001,Female
59,Marguerite Ladson,8/15/1980,Female
60,Rayna Nornable,7/23/1997,Female
61,Scottie Dufton,9/1/1993,Male
62,Pavlov Peotz,6/22/2009,Male
63,Breanne Kmicicki,3/27/1997,Female
64,Ginevra Timewell,2/27/1998,Female
65,Ysabel Skellington,4/12/2005,Female
66,Mathias Cornforth,2/22/2001,Male
67,Sullivan Linwood,8/12/1988,Male
68,Sibylla Caldicot,7/19/1990,Female
69,Allyn Dickman,3/5/1986,Male
70,Allie Goundry,1/19/2008,Male
71,Dionne Goodwins,4/2/2008,Female
72,Doti Samuels,10/9/2007,Female
73,Daisie Pickhaver,9/30/1997,Female
74,Cly Frantsev,12/15/2004,Male
75,Dud Purrington,7/4/1991,Male
76,Bancroft Malec,2/11/2006,Male
77,Fraze Bunting,8/19/2006,Male
78,Wallas Meikle,3/3/1989,Male
79,Lewie Aizikowitz,7/1/2001,Male
80,Genevieve Merrilees,8/23/1986,Female
81,Ramsey Vickers,10/23/1984,Male
82,Tome Gelsthorpe,11/26/1997,Male
83,Zelig Asche,1/21/1984,Male
84,Noah Jaquest,11/17/2009,Male
85,Ronalda Camplen,9/20/2007,Female
86,Ugo Fennelly,7/28/1997,Male
87,Orsa Jesteco,6/13/1993,Female
88,Kevon McKinless,9/8/1992,Male
89,Rodie Mandell,2/3/1982,Female
90,Goldy Fromant,8/13/1987,Female
91,Virgina Bownass,7/17/1982,Female
92,Dana Lyddiatt,12/27/2009,Female
93,Gabbie Wildish,2/2/1995,Male
94,Carny Sergison,3/5/2010,Male
95,Damian Dimmack,6/4/2003,Male
96,Frazier Packman,9/8/1999,Male
97,Levin O'Doghesty,10/16/1980,Male
98,Isak Palmer,12/27/1995,Male
99,Jacqueline Rushmere,5/5/2007,Female
100,Emmalyn Ausher,4/9/2004,Female
